Type,Name,Request Count,Failure Count,Median Response Time,Average Response Time,Min Response Time,Max Response Time,Average Content Size,Requests/s,Failures/s,50%,66%,75%,80%,90%,95%,98%,99%,99.9%,99.99%,100%
GET,GET /admin/cashin,252,0,8,154.74140777211963,2.3064161650836468,4411.060125101358,18381.190476190477,2.102962652711239,0.0,8,9,10,11,25,210,3500,3800,4400,4400,4400
GET,GET /admin/settlements,39,0,5,162.25923930939572,3.0447919853031635,3342.4926248844713,5799.0,0.32545850577673935,0.0,5,6,6,7,33,2400,3300,3300,3300,3300,3300
GET,GET /admin/transactions,42,0,43,162.74674706870601,19.465708872303367,2678.747999947518,582847.880952381,0.35049377545187316,0.0,44,49,61,65,70,120,2700,2700,2700,2700,2700
GET,GET /cashout/history,276,0,9,182.58013281350335,3.2276250422000885,6616.5588749572635,5248.278985507246,2.3032448101123095,0.0,9,11,13,15,25,110,4700,5300,6600,6600,6600
GET,GET /dashboard,571,0,10,116.07297909186725,4.094916861504316,6039.489666931331,11199.08931698774,4.7650463281671325,0.0,10,12,14,16,24,61,3500,3700,6000,6000,6000
GET,GET /quote (API),802,0,6,96.4276823920646,2.398165874183178,4056.425874819979,458.428927680798,6.692762093152435,0.0,6,7,8,9,14,54,2800,3200,4100,4100,4100
GET,GET /send,60,0,2300.0,1952.4581264549245,95.89370898902416,4389.589541126043,16046.05,0.500705393502676,0.0,2300,2500,2800,3200,3500,3800,4200,4400,4400,4400,4400
GET,GET /send/pay,1135,0,5,43.6710921821845,2.8317091055214405,3923.557458212599,10620.153303964758,9.471677027092287,0.0,5,6,7,8,10,14,78,2400,3800,3900,3900
GET,GET /send/review,1135,0,6,71.32857938498127,2.8074169531464577,6226.408374961466,9266.656387665198,9.471677027092287,0.0,6,7,8,10,15,46,280,3300,5800,6200,6200
GET,GET /transactions,416,0,7,67.21740342450525,2.7746250852942467,4581.956624984741,17194.334134615383,3.4715573949518865,0.0,7,8,10,11,17,47,270,2600,4600,4600,4600
GET,GET /wallet,720,0,10,367.5908344354765,2.9035420157015324,4870.096917031333,37880.69027777778,6.0084647220321115,0.0,10,18,87,1200,1200,1400,3300,3700,4900,4900,4900
POST,POST /admin/cashin/{id}/received,1101,0,13,30.208653616647048,5.313166882842779,5082.90558308363,20233.173478655768,9.187943970774104,0.0,13,15,16,17,21,28,53,110,4100,5100,5100
POST,POST /cashout/preview,402,0,9,173.7165106790585,3.4389160573482513,8164.06474984251,6102.213930348259,3.354726136467929,0.0,9,11,13,15,24,53,4700,5600,8200,8200,8200
POST,POST /login,100,0,5400.0,5459.432652913965,1480.2297500427812,9394.35708289966,7187.85,0.8345089891711266,0.0,5400,6100,6900,7000,7400,7500,9000,9400,9400,9400,9400
POST,POST /remittances,943,0,13,66.07180878135829,6.612834054976702,9581.840542145073,10558.128313891835,7.869419767883723,0.0,13,15,16,17,21,31,93,250,9600,9600,9600
POST,POST /remittances (declined),192,0,12,68.73140839646415,7.4604591354727745,9756.757459137589,10575.083333333334,1.602257259208563,0.0,12,14,15,16,22,42,170,240,9800,9800,9800
,Aggregated,8186,0,9,184.58370745276807,2.3064161650836468,9756.757459137589,16240.56425604691,68.31290585354843,0.0,9,12,14,16,32,1200,3500,5100,7500,9800,9800
