Timestamp,User Count,Type,Name,Requests/s,Failures/s,50%,66%,75%,80%,90%,95%,98%,99%,99.9%,99.99%,100%,Total Request Count,Total Failure Count,Total Median Response Time,Total Average Response Time,Total Min Response Time,Total Max Response Time,Total Average Content Size
1790596684,0,,Aggregated,0.000000,0.000000,N/A,N/A,N/A,N/A,N/A,N/A,N/A,N/A,N/A,N/A,N/A,0,0,0,0.0,0,0,0
1790596685,5,,Aggregated,0.000000,0.000000,N/A,N/A,N/A,N/A,N/A,N/A,N/A,N/A,N/A,N/A,N/A,0,0,0,0.0,0,0,0
1790596686,10,,Aggregated,0.000000,0.000000,1700,1700,1700,1700,1700,1700,1700,1700,1700,1700,1700,2,0,12.25866680033505,862.5485624652356,12.25866680033505,1712.8384581301361,6410.5
1790596687,10,,Aggregated,0.000000,0.000000,43,95,1500,1500,2500,2600,2600,2600,2600,2600,2600,34,0,40,596.2430624811745,8.314000209793448,2594.0276661422104,9418.323529411764
1790596688,10,,Aggregated,0.000000,0.000000,40,78,1500,1500,2500,2600,2600,2600,2600,2600,2600,36,0,40,564.3678737881904,8.314000209793448,2594.0276661422104,9301.25
1790596689,10,,Aggregated,3.666667,0.000000,28,69,95,1500,1700,2500,2600,2600,2600,2600,2600,45,0,28,455.37981938363777,5.199749954044819,2594.0276661422104,9210.08888888889
1790596690,10,,Aggregated,8.500000,0.000000,19,38,72,95,1600,2500,2600,2600,2600,2600,2600,56,0,19,368.2289113930892,4.822958959266543,2594.0276661422104,8704.17857142857
1790596691,10,,Aggregated,7.800000,0.000000,19,37,69,95,1600,2500,2600,2600,2600,2600,2600,59,0,19,350.4676447107883,4.822958959266543,2594.0276661422104,8450.542372881357
1790596692,10,,Aggregated,8.500000,0.000000,16,23,40,69,1500,2500,2600,2600,2600,2600,2600,76,0,15,274.7205892810598,4.822958959266543,2594.0276661422104,8675.53947368421
1790596693,10,,Aggregated,8.142857,0.000000,15,21,37,43,1500,1700,2600,2600,2600,2600,2600,83,0,15,252.8956650885338,4.822958959266543,2594.0276661422104,8740.397590361446
1790596694,10,,Aggregated,8.375000,0.000000,15,20,31,40,1500,1700,2600,2600,2600,2600,2600,94,0,15,225.15005403089316,4.822958959266543,2594.0276661422104,8952.08510638298
1790596695,10,,Aggregated,8.375000,0.000000,16,20,31,38,1500,1700,2600,2600,2600,2600,2600,96,0,15,220.81448476819787,4.822958959266543,2594.0276661422104,8925.885416666666
1790596696,10,,Aggregated,8.900000,0.000000,15,19,24,37,120,1600,2500,2600,2600,2600,2600,104,0,14,204.60096870038586,4.822958959266543,2594.0276661422104,8773.038461538461
1790596697,10,,Aggregated,9.600000,0.000000,14,18,23,31,78,1500,2500,2600,2600,2600,2600,121,0,14,178.23707709119708,4.822958959266543,2594.0276661422104,9256.00826446281
1790596698,10,,Aggregated,10.300000,0.000000,14,18,22,31,78,1500,2500,2600,2600,2600,2600,126,0,14,171.78017026486083,4.822958959266543,2594.0276661422104,9286.682539682539
1790596699,10,,Aggregated,10.300000,0.000000,14,18,21,28,72,1500,2500,2600,2600,2600,2600,132,0,14,164.56412719245154,4.822958959266543,2594.0276661422104,9277.575757575758
1790596700,10,,Aggregated,8.700000,0.000000,14,18,20,24,69,1500,2500,2600,2600,2600,2600,144,0,14,152.00695223757066,4.822958959266543,2594.0276661422104,9309.395833333334
1790596701,10,,Aggregated,9.300000,0.000000,14,18,20,23,69,1500,2500,2600,2600,2600,2600,153,0,14,143.77266966153448,4.822958959266543,2594.0276661422104,9135.699346405228
1790596702,10,,Aggregated,8.600000,0.000000,14,17,19,22,69,1500,2500,2600,2600,2600,2600,157,0,14,140.4550538686027,4.822958959266543,2594.0276661422104,9175.547770700638
1790596703,10,,Aggregated,9.200000,0.000000,14,17,19,21,44,1500,2500,2600,2600,2600,2600,175,0,14,127.44970784123454,4.822958959266543,2594.0276661422104,9816.8
1790596704,10,,Aggregated,8.900000,0.000000,14,17,19,20,43,1500,2500,2600,2600,2600,2600,184,0,14,121.81056157873093,4.822958959266543,2594.0276661422104,9901.233695652174
1790596705,10,,Aggregated,8.000000,0.000000,14,17,18,20,40,1500,2500,2600,2600,2600,2600,191,0,14,117.78257677394956,4.822958959266543,2594.0276661422104,9859.942408376963
1790596706,10,,Aggregated,9.300000,0.000000,14,17,18,20,40,1500,2500,2600,2600,2600,2600,200,0,14,112.99135935376398,4.822958959266543,2594.0276661422104,9916.34
1790596707,10,,Aggregated,9.000000,0.000000,14,16,18,19,40,120,1700,2500,2600,2600,2600,209,0,14,108.70036579730908,4.822958959266543,2594.0276661422104,10165.315789473685
1790596708,10,,Aggregated,9.100000,0.000000,14,16,18,19,38,120,1700,2500,2600,2600,2600,211,0,14,107.82893756691419,4.822958959266543,2594.0276661422104,10149.511848341232
1790596709,10,,Aggregated,10.200000,0.000000,14,16,18,19,38,120,1700,2500,2600,2600,2600,219,0,14,104.42879162813838,4.822958959266543,2594.0276661422104,10117.465753424658
1790596710,10,,Aggregated,8.900000,0.000000,14,16,18,19,37,95,1700,2500,2600,2600,2600,224,0,14,102.40737254831141,4.822958959266543,2594.0276661422104,10052.94642857143
1790596711,10,,Aggregated,8.400000,0.000000,14,16,18,19,31,78,1700,2500,2600,2600,2600,245,0,14,94.66878007527212,4.822958959266543,2594.0276661422104,10265.959183673469
1790596712,10,,Aggregated,8.500000,0.000000,14,16,18,19,31,78,1700,2500,2600,2600,2600,248,0,14,93.72494368712537,4.822958959266543,2594.0276661422104,10234.100806451614
1790596713,10,,Aggregated,7.900000,0.000000,14,16,17,18,31,78,1600,2500,2600,2600,2600,257,0,14,90.9039041576436,4.822958959266543,2594.0276661422104,10269.385214007782
1790596714,10,,Aggregated,9.000000,0.000000,14,16,17,18,28,72,1600,2500,2600,2600,2600,268,0,14,87.800397984197,4.822958959266543,2594.0276661422104,10349.022388059702
1790596715,10,,Aggregated,9.100000,0.000000,14,16,17,18,26,72,1600,2500,2600,2600,2600,274,0,14,86.1924516162869,4.822958959266543,2594.0276661422104,10297.55109489051
1790596716,10,,Aggregated,8.000000,0.000000,14,16,17,19,27,72,1600,2500,2600,2600,2600,284,0,14,88.31468498921284,4.47975005954504,2594.0276661422104,10504.447183098591
1790596717,10,,Aggregated,8.400000,0.000000,14,16,17,19,26,72,1600,2500,2600,2600,2600,293,0,14,86.03237782773456,4.47975005954504,2594.0276661422104,10550.645051194539
1790596718,10,,Aggregated,8.400000,0.000000,14,16,17,18,26,72,1600,2500,2600,2600,2600,296,0,14,85.2955012516169,4.47975005954504,2594.0276661422104,10502.837837837838
1790596719,10,,Aggregated,7.900000,0.000000,14,16,17,19,25,69,1500,2500,2600,2600,2600,303,0,14,83.63885696433337,4.47975005954504,2594.0276661422104,10430.270627062706
1790596720,10,,Aggregated,8.600000,0.000000,14,16,17,18,25,72,1500,2500,2600,2600,2600,313,0,14,85.60272508684676,4.47975005954504,2594.0276661422104,10404.252396166134
1790596721,10,,Aggregated,8.200000,0.000000,14,16,17,18,25,72,1500,2500,2600,2600,2600,319,0,14,84.20480875339254,4.47975005954504,2594.0276661422104,10399.388714733543
1790596722,10,,Aggregated,8.800000,0.000000,14,16,17,18,24,69,1500,2500,2600,2600,2600,340,0,14,79.88799299551722,4.47975005954504,2594.0276661422104,10482.811764705883
1790596723,10,,Aggregated,8.800000,0.000000,14,16,17,18,23,69,1500,2500,2600,2600,2600,350,0,14,77.96355819861803,4.47975005954504,2594.0276661422104,10482.051428571429
1790596724,10,,Aggregated,8.900000,0.000000,14,16,17,18,23,69,1500,2500,2600,2600,2600,352,0,14,77.60015966645865,4.47975005954504,2594.0276661422104,10522.678977272728
1790596725,10,,Aggregated,9.200000,0.000000,14,16,17,18,22,62,1500,2500,2600,2600,2600,364,0,14,75.4885894916747,4.47975005954504,2594.0276661422104,10588.868131868132
1790596726,10,,Aggregated,8.800000,0.000000,14,16,17,18,22,62,1500,2500,2600,2600,2600,375,0,14,73.72639142411451,4.47975005954504,2594.0276661422104,10617.589333333333
1790596727,10,,Aggregated,8.800000,0.000000,14,16,17,18,22,49,1500,2500,2600,2600,2600,384,0,14,72.29118270576389,4.47975005954504,2594.0276661422104,10606.666666666666
1790596728,10,,Aggregated,9.500000,0.000000,14,16,17,18,22,49,1500,2500,2600,2600,2600,394,0,14,70.83005603487949,4.47975005954504,2594.0276661422104,10705.015228426397
1790596729,10,,Aggregated,9.100000,0.000000,14,16,17,18,22,49,1500,1700,2600,2600,2600,403,0,14,72.75915289963261,4.47975005954504,2594.0276661422104,10806.794044665012
1790596730,10,,Aggregated,9.700000,0.000000,14,16,17,18,22,49,1500,1700,2600,2600,2600,409,0,14,71.904727268035,4.47975005954504,2594.0276661422104,10765.630806845966
1790596731,10,,Aggregated,10.000000,0.000000,14,16,17,18,22,49,1500,1700,2600,2600,2600,418,0,14,70.5941280747795,4.47975005954504,2594.0276661422104,10706.933014354066
1790596732,10,,Aggregated,9.600000,0.000000,14,16,17,18,22,49,1500,1700,2600,2600,2600,420,0,14,70.3413885768636,4.47975005954504,2594.0276661422104,10756.466666666667
1790596733,10,,Aggregated,9.400000,0.000000,14,16,17,18,22,49,1500,1700,2600,2600,2600,429,0,14,72.13601523398103,4.47975005954504,2594.0276661422104,10841.552447552447
1790596734,10,,Aggregated,8.400000,0.000000,14,16,17,18,22,49,1500,1700,2600,2600,2600,441,0,14,73.48358049004628,4.47975005954504,2594.0276661422104,10982.843537414967
1790596735,10,,Aggregated,8.100000,0.000000,13,16,17,18,22,49,1500,1700,2600,2600,2600,450,0,13,72.2608382260013,4.47975005954504,2594.0276661422104,10912.17111111111
1790596736,10,,Aggregated,8.500000,0.000000,13,16,17,18,22,49,1500,1700,2600,2600,2600,462,0,13,73.46056889212444,4.47975005954504,2594.0276661422104,10953.238095238095
1790596737,10,,Aggregated,8.500000,0.000000,13,16,17,18,22,49,1500,1700,2600,2600,2600,471,0,13,72.28937083281845,4.47975005954504,2594.0276661422104,10934.055201698513
1790596738,10,,Aggregated,7.900000,0.000000,13,16,17,18,22,49,1500,1700,2600,2600,2600,480,0,13,71.18708375734666,4.47975005954504,2594.0276661422104,10911.15
1790596739,10,,Aggregated,8.500000,0.000000,13,16,17,18,22,47,1500,1700,2600,2600,2600,485,0,13,70.63157438857424,4.47975005954504,2594.0276661422104,10926.125773195876
1790596740,10,,Aggregated,7.900000,0.000000,13,16,17,18,22,49,1500,1700,2600,2600,2600,488,0,13,73.05438028167566,4.47975005954504,2594.0276661422104,11225.717213114754
1790596741,10,,Aggregated,8.200000,0.000000,13,16,17,18,22,62,1500,1700,2600,2600,2600,499,0,13,74.22983991626076,4.47975005954504,2594.0276661422104,11294.983967935872
1790596742,10,,Aggregated,8.000000,0.000000,13,16,17,18,22,49,1400,1600,2600,2600,2600,507,0,13,73.26382181480439,4.47975005954504,2594.0276661422104,11255.79684418146
1790596743,10,,Aggregated,8.200000,0.000000,13,16,17,18,22,49,1400,1600,2600,2600,2600,516,0,13,72.26762377256311,4.47975005954504,2594.0276661422104,11339.571705426357
1790596744,10,,Aggregated,8.000000,0.000000,13,16,17,18,22,49,1400,1600,2600,2600,2600,526,0,13,73.68131224845072,4.47975005954504,2594.0276661422104,11358.180608365019
1790596745,10,,Aggregated,8.200000,0.000000,13,16,17,18,22,69,1400,1600,2600,2600,2600,531,0,13,77.84204071092992,4.47975005954504,2594.0276661422104,11488.854990583804
1790596746,10,,Aggregated,8.500000,0.000000,13,16,17,18,22,69,1400,1600,2600,2600,2600,537,0,13,77.06275215897938,4.47975005954504,2594.0276661422104,11473.895716945995
1790596747,10,,Aggregated,8.400000,0.000000,13,16,17,18,22,62,1400,1600,2600,2600,2600,544,0,13,76.23384021237999,4.47975005954504,2594.0276661422104,11435.213235294117
1790596748,10,,Aggregated,7.900000,0.000000,13,16,17,18,22,69,1400,1600,2600,2600,2600,548,0,13,78.27869242815179,4.47975005954504,2594.0276661422104,11508.0
1790596749,10,,Aggregated,7.700000,0.000000,13,16,17,18,22,69,1400,1600,2600,2600,2600,553,0,13,77.70009002535457,4.47975005954504,2594.0276661422104,11534.488245931283
1790596750,10,,Aggregated,7.300000,0.000000,13,16,17,18,23,69,1400,1600,2600,2600,2600,564,0,13,78.96829837667326,4.47975005954504,2594.0276661422104,11591.32269503546
1790596751,10,,Aggregated,6.800000,0.000000,13,16,17,18,23,69,1400,1600,2600,2600,2600,570,0,13,80.53199099540187,4.47975005954504,2594.0276661422104,11645.654385964912
1790596752,10,,Aggregated,7.100000,0.000000,13,16,17,18,22,69,1400,1600,2600,2600,2600,581,0,13,79.23764119400818,4.47975005954504,2594.0276661422104,11592.759036144578
1790596753,10,,Aggregated,7.700000,0.000000,13,16,17,18,22,69,1400,1600,2600,2600,2600,589,0,13,78.35269805734917,4.47975005954504,2594.0276661422104,11555.030560271647
1790596754,10,,Aggregated,7.700000,0.000000,13,16,17,18,22,62,1400,1500,2600,2600,2600,601,0,13,77.04009586587213,4.47975005954504,2594.0276661422104,11533.958402662229
1790596755,10,,Aggregated,7.800000,0.000000,13,16,17,18,22,62,1400,1500,2600,2600,2600,604,0,13,76.72678502677441,4.47975005954504,2594.0276661422104,11506.08940397351
1790596756,10,,Aggregated,7.800000,0.000000,13,16,17,18,22,62,1400,1500,2600,2600,2600,615,0,13,75.61496752957866,4.47975005954504,2594.0276661422104,11468.829268292682
1790596757,10,,Aggregated,7.400000,0.000000,13,16,17,18,22,62,1400,1500,2600,2600,2600,621,0,13,77.25261035525268,4.47975005954504,2594.0276661422104,11510.658615136876
1790596758,10,,Aggregated,8.100000,0.000000,13,16,17,18,22,69,1400,1500,2600,2600,2600,628,0,13,78.56483417926475,4.47975005954504,2594.0276661422104,11572.891719745223
1790596759,10,,Aggregated,7.500000,0.000000,13,16,17,18,22,69,1400,1500,2600,2600,2600,640,0,13,77.34022608892701,4.47975005954504,2594.0276661422104,11537.6765625
1790596760,10,,Aggregated,7.700000,0.000000,13,16,17,18,22,62,1400,1500,2600,2600,2600,646,0,13,76.75407938017645,4.47975005954504,2594.0276661422104,11510.798761609907
1790596761,10,,Aggregated,8.800000,0.000000,13,16,17,18,22,69,1400,1500,2600,2600,2600,656,0,13,79.79003389553371,4.47975005954504,2594.0276661422104,11662.641768292682
1790596762,10,,Aggregated,8.400000,0.000000,13,16,17,18,22,69,1400,1500,2600,2600,2600,661,0,13,79.29483148284854,4.47975005954504,2594.0276661422104,11646.804841149773
1790596763,10,,Aggregated,7.800000,0.000000,13,16,17,18,22,69,1400,1500,2600,2600,2600,663,0,13,79.11623433073575,4.47975005954504,2594.0276661422104,11647.499245852187
1790596764,10,,Aggregated,8.000000,0.000000,13,16,18,18,22,69,1400,1600,2600,2600,2600,675,0,13,80.33863572300308,4.47975005954504,2594.0276661422104,11703.198518518519
1790596765,10,,Aggregated,7.700000,0.000000,13,16,18,18,22,69,1400,1600,2600,2600,2600,678,0,13,80.05221618152605,4.47975005954504,2594.0276661422104,11706.32743362832
1790596766,10,,Aggregated,6.600000,0.000000,13,16,18,18,22,69,1400,1600,2600,2600,2600,688,0,13,79.0518265329897,4.47975005954504,2594.0276661422104,11669.614825581395
1790596767,10,,Aggregated,7.400000,0.000000,13,16,18,18,22,69,1400,1600,2600,2600,2600,695,0,13,80.23413277747069,4.47975005954504,2594.0276661422104,11959.210071942445
1790596768,10,,Aggregated,7.200000,0.000000,13,16,18,18,22,69,1400,1500,2600,2600,2600,704,0,13,79.43816066968297,4.47975005954504,2594.0276661422104,11923.301136363636
1790596769,10,,Aggregated,7.400000,0.000000,13,16,18,18,23,69,1400,1500,2600,2600,2600,707,0,13,81.0090656921826,4.47975005954504,2594.0276661422104,11962.196605374824
1790596770,10,,Aggregated,7.600000,0.000000,13,16,18,18,23,72,1400,1500,2600,2600,2600,722,0,13,81.48757863623398,4.47975005954504,2594.0276661422104,12016.191135734072
1790596771,10,,Aggregated,6.800000,0.000000,13,16,18,18,23,72,1400,1500,2600,2600,2600,728,0,13,80.9274367901118,4.47975005954504,2594.0276661422104,12018.145604395604
1790596772,10,,Aggregated,7.200000,0.000000,13,16,18,18,23,78,1400,1500,2600,2600,2600,733,0,13,82.24063287844874,4.47975005954504,2594.0276661422104,12065.848567530697
1790596773,10,,Aggregated,7.900000,0.000000,13,16,18,18,23,78,1400,1500,2600,2600,2600,747,0,13,82.6466191192862,4.47975005954504,2594.0276661422104,12127.376171352074
1790596774,10,,Aggregated,7.400000,0.000000,14,16,18,18,23,78,1400,1500,2600,2600,2600,753,0,14,82.12127039458845,4.47975005954504,2594.0276661422104,12099.650730411686
1790596775,10,,Aggregated,7.500000,0.000000,14,16,18,18,22,72,1400,1500,2600,2600,2600,762,0,14,81.3168704367959,4.47975005954504,2594.0276661422104,12095.543307086615
1790596776,10,,Aggregated,8.300000,0.000000,14,16,18,18,23,78,1400,1500,2600,2600,2600,769,0,14,82.35631206875814,4.47975005954504,2594.0276661422104,12124.947984395318
1790596777,10,,Aggregated,7.800000,0.000000,14,16,18,18,22,78,1400,1500,2600,2600,2600,779,0,14,81.47311079840682,4.47975005954504,2594.0276661422104,12120.269576379975
1790596778,10,,Aggregated,7.800000,0.000000,14,16,18,18,22,72,1400,1500,2600,2600,2600,792,0,14,80.35479337500286,4.47975005954504,2594.0276661422104,12153.549242424242
1790596779,10,,Aggregated,8.200000,0.000000,14,16,18,18,23,78,1300,1500,2600,2600,2600,801,0,14,82.75867855035644,4.47975005954504,2594.0276661422104,12227.59925093633
1790596780,10,,Aggregated,8.100000,0.000000,14,16,18,18,23,78,1300,1500,2600,2600,2600,804,0,14,82.48688787799931,4.47975005954504,2594.0276661422104,12234.064676616916
1790596781,10,,Aggregated,8.800000,0.000000,14,16,18,18,22,78,1300,1500,2600,2600,2600,814,0,14,81.61783177109265,4.47975005954504,2594.0276661422104,12207.181818181818
1790596782,10,,Aggregated,8.800000,0.000000,14,16,18,18,23,98,1300,1500,2600,2600,2600,818,0,14,84.40614850653112,4.47975005954504,2594.0276661422104,12301.444987775061
1790596783,10,,Aggregated,7.800000,0.000000,14,16,18,18,23,95,1300,1500,2600,2600,2600,827,0,14,83.6444242999291,4.47975005954504,2594.0276661422104,12295.747279322854
1790596784,10,,Aggregated,8.700000,0.000000,14,16,18,18,23,98,1300,1500,2600,2600,2600,833,0,14,84.71913868086223,4.47975005954504,2594.0276661422104,12567.253301320528
1790596785,10,,Aggregated,8.100000,0.000000,14,16,18,18,23,98,1300,1500,2600,2600,2600,838,0,14,84.30877712450761,4.47975005954504,2594.0276661422104,12543.273269689738
1790596786,10,,Aggregated,8.000000,0.000000,14,16,18,18,23,98,1400,1500,2600,2600,2600,849,0,14,85.0542952771133,4.47975005954504,2594.0276661422104,12585.294464075383
1790596787,10,,Aggregated,8.000000,0.000000,13,16,18,18,23,95,1300,1500,2600,2600,2600,866,0,13,83.60561241952844,4.47975005954504,2594.0276661422104,12589.181293302541
1790596788,10,,Aggregated,7.800000,0.000000,13,16,18,18,23,98,1300,1500,2600,2600,2600,869,0,13,84.80041554000474,4.47975005954504,2594.0276661422104,12657.291139240506
1790596789,10,,Aggregated,7.800000,0.000000,13,16,18,18,23,120,1300,1500,2600,2600,2600,875,0,13,85.70150159592075,4.47975005954504,2594.0276661422104,12723.782857142856
1790596790,10,,Aggregated,8.800000,0.000000,13,16,18,18,23,98,1300,1500,2600,2600,2600,886,0,13,84.7952050182119,4.47975005954504,2594.0276661422104,12663.704288939052
1790596791,10,,Aggregated,7.700000,0.000000,13,16,18,18,23,98,1300,1500,2600,2600,2600,888,0,13,84.63629816558111,4.47975005954504,2594.0276661422104,12649.085585585586
1790596792,10,,Aggregated,7.400000,0.000000,13,16,18,18,23,120,1400,1500,2600,2600,2600,898,0,13,85.39298081118199,4.47975005954504,2594.0276661422104,12669.859688195991
1790596793,10,,Aggregated,8.200000,0.000000,13,16,18,18,22,98,1300,1500,2600,2600,2600,901,0,13,85.14670798369993,4.47975005954504,2594.0276661422104,12691.330743618202
1790596794,10,,Aggregated,7.200000,0.000000,13,16,18,18,22,98,1300,1500,2600,2600,2600,912,0,13,84.26903954042294,4.47975005954504,2594.0276661422104,12661.38596491228
1790596795,10,,Aggregated,8.000000,0.000000,13,16,18,18,22,120,1400,1500,2600,2600,2600,917,0,13,85.43406935985583,4.47975005954504,2594.0276661422104,12730.757906215922
1790596797,10,,Aggregated,7.400000,0.000000,13,16,18,18,22,98,1400,1500,2600,2600,2600,922,0,13,85.03931478158836,4.47975005954504,2594.0276661422104,12701.222342733188
1790596798,10,,Aggregated,7.900000,0.000000,13,16,18,18,22,98,1400,1500,2600,2600,2600,937,0,13,83.91715837130671,4.47975005954504,2594.0276661422104,12702.943436499467
1790596799,10,,Aggregated,7.700000,0.000000,13,16,18,18,23,120,1400,1500,2600,2600,2600,943,0,13,86.19226835626607,4.47975005954504,2594.0276661422104,12842.821845174973
1790596800,10,,Aggregated,7.000000,0.000000,13,16,18,18,23,1200,1300,1500,2600,2600,2600,957,0,13,86.53419903628411,4.47975005954504,2594.0276661422104,12910.50156739812
