t,epoch,queue_depth,jobs_running,jobs_finished,queued,processing,completed,failed
0.0,1790596941.24,0,0,0,0,0,0,0
1.0,1790596942.25,0,0,0,0,0,0,0
2.0,1790596943.25,0,0,0,0,0,0,0
3.0,1790596944.25,0,0,0,0,0,0,0
4.1,1790596945.26,0,0,0,0,0,0,0
5.1,1790596946.26,0,0,0,0,0,0,0
6.1,1790596947.26,0,0,0,0,0,0,0
7.1,1790596948.26,0,0,0,0,0,0,0
8.1,1790596949.27,0,0,0,0,0,0,0
9.1,1790596950.27,0,0,0,0,0,0,0
10.1,1790596951.27,0,0,0,0,0,0,0
11.1,1790596952.27,0,0,0,0,0,0,0
12.1,1790596953.28,0,0,0,0,0,0,0
13.1,1790596954.28,0,1,0,0,1,0,0
14.1,1790596955.28,9,1,0,9,1,0,0
15.1,1790596956.29,9,1,0,9,1,0,0
16.1,1790596957.29,9,1,0,9,1,0,0
17.1,1790596958.3,23,1,0,23,1,0,0
18.1,1790596959.31,23,1,0,23,1,0,0
19.1,1790596960.31,27,1,0,27,1,0,0
20.1,1790596961.32,36,1,1,36,1,1,0
21.1,1790596962.32,40,1,1,40,1,1,0
22.1,1790596963.32,50,1,1,50,1,1,0
23.1,1790596964.33,56,1,1,56,1,1,0
24.1,1790596965.33,56,1,1,56,1,1,0
25.1,1790596966.34,64,1,1,64,1,1,0
26.1,1790596967.34,64,1,2,64,1,2,0
27.1,1790596968.35,70,1,2,70,1,2,0
28.1,1790596969.35,78,1,2,78,1,2,0
29.2,1790596970.36,81,1,2,81,1,2,0
30.2,1790596971.37,88,1,2,88,1,2,0
31.2,1790596972.37,88,1,2,88,1,2,0
32.2,1790596973.38,97,1,3,97,1,3,0
33.2,1790596974.38,107,1,3,107,1,3,0
34.2,1790596975.39,111,1,3,111,1,3,0
35.2,1790596976.4,118,1,3,118,1,3,0
36.2,1790596977.4,123,1,3,123,1,3,0
37.2,1790596978.41,126,1,3,126,1,3,0
38.2,1790596979.42,133,1,4,133,1,4,0
39.2,1790596980.42,140,1,4,140,1,4,0
40.2,1790596981.43,142,1,4,142,1,4,0
41.2,1790596982.43,147,1,4,147,1,4,0
42.2,1790596983.44,158,1,4,158,1,4,0
43.2,1790596984.45,158,1,4,158,1,4,0
44.2,1790596985.45,166,1,5,166,1,5,0
45.3,1790596986.46,172,1,5,172,1,5,0
46.3,1790596987.46,172,1,5,172,1,5,0
47.3,1790596988.47,184,1,5,184,1,5,0
48.3,1790596989.47,186,1,5,186,1,5,0
49.3,1790596990.48,190,1,5,190,1,5,0
50.3,1790596991.48,193,1,6,193,1,6,0
51.3,1790596992.48,193,1,6,193,1,6,0
52.3,1790596993.49,200,1,6,200,1,6,0
53.3,1790596994.5,206,1,6,206,1,6,0
54.3,1790596995.5,211,1,6,212,1,6,0
55.3,1790596996.51,212,1,6,212,1,6,0
56.3,1790596997.51,216,1,7,216,1,7,0
57.3,1790596998.52,217,1,7,217,1,7,0
58.3,1790596999.52,228,1,7,228,1,7,0
59.3,1790597000.53,229,1,7,229,1,7,0
60.3,1790597001.53,235,1,7,235,1,7,0
61.3,1790597002.54,240,1,7,240,1,7,0
62.3,1790597003.55,239,1,8,239,1,8,0
63.3,1790597004.55,253,1,8,253,1,8,0
64.4,1790597005.56,259,1,8,259,1,8,0
65.4,1790597006.56,264,1,8,264,1,8,0
66.4,1790597007.56,264,1,8,264,1,8,0
67.4,1790597008.57,278,1,8,278,1,8,0
68.4,1790597009.57,277,1,9,278,0,9,0
69.4,1790597010.58,277,1,9,277,1,9,0
70.4,1790597011.58,293,1,9,293,1,9,0
71.4,1790597012.58,295,1,9,295,1,9,0
72.4,1790597013.59,295,1,9,295,1,9,0
73.4,1790597014.59,306,1,9,306,1,9,0
74.4,1790597015.6,306,1,9,306,1,9,0
75.4,1790597016.6,314,1,10,314,1,10,0
76.4,1790597017.61,320,1,10,320,1,10,0
77.4,1790597018.61,326,1,10,326,1,10,0
78.4,1790597019.62,336,1,10,336,1,10,0
79.4,1790597020.62,338,1,10,338,1,10,0
80.4,1790597021.63,338,1,10,338,1,10,0
81.4,1790597022.64,355,1,11,355,1,11,0
82.4,1790597023.64,357,1,11,357,1,11,0
83.4,1790597024.65,363,1,11,363,1,11,0
84.5,1790597025.66,363,1,11,363,1,11,0
85.5,1790597026.66,374,1,11,374,1,11,0
86.5,1790597027.67,374,1,11,374,1,11,0
87.5,1790597028.67,373,1,12,373,1,12,0
88.5,1790597029.68,384,1,12,384,1,12,0
89.5,1790597030.68,393,1,12,393,1,12,0
90.5,1790597031.69,398,1,12,398,1,12,0
91.5,1790597032.69,409,1,12,409,1,12,0
92.5,1790597033.7,413,1,12,413,1,12,0
93.5,1790597034.7,412,1,13,412,1,13,0
94.5,1790597035.71,412,1,13,412,1,13,0
95.5,1790597036.71,422,1,13,422,1,13,0
96.5,1790597037.72,431,1,13,431,1,13,0
97.5,1790597038.72,441,1,13,441,1,13,0
98.5,1790597039.73,445,1,13,445,1,13,0
99.5,1790597040.73,444,1,14,444,1,14,0
100.5,1790597041.74,452,1,14,452,1,14,0
101.5,1790597042.74,452,1,14,452,1,14,0
102.5,1790597043.75,452,1,14,452,1,14,0
103.6,1790597044.76,462,1,14,462,1,14,0
104.6,1790597045.76,476,1,14,476,1,14,0
105.6,1790597046.76,475,1,15,475,1,15,0
106.6,1790597047.77,485,1,15,485,1,15,0
107.6,1790597048.77,490,1,15,490,1,15,0
108.6,1790597049.77,498,1,15,498,1,15,0
109.6,1790597050.78,510,1,15,510,1,15,0
110.6,1790597051.79,515,1,15,515,1,15,0
111.6,1790597052.79,514,1,16,514,1,16,0
112.6,1790597053.79,529,1,16,529,1,16,0
113.6,1790597054.8,534,1,16,534,1,16,0
114.6,1790597055.8,540,1,16,540,1,16,0
115.6,1790597056.84,543,1,16,543,1,16,0
116.6,1790597057.84,545,1,16,545,1,16,0
117.6,1790597058.85,547,1,17,547,1,17,0
118.6,1790597059.85,552,1,17,552,1,17,0
119.6,1790597060.86,552,1,17,552,1,17,0
120.7,1790597061.86,566,1,17,566,1,17,0
